AA,value1,value2
AA,0.18640669,0.18640669
EM,0.001258374,0.398110939
IR,0.542806762,0.007640586
GI,0.00113232,0.542806762
WY,0.283462854,0.100934632
PP,0.043116588,0.043116588
MQ,0.398110939,0.01990251
CS,0.036450772,0.004423698
IN,0.542806762,0.008151685
QR,0.01990251,0.007640586
KY,0.004111864,0.100934632
CV,0.036450772,0.29609561
GR,0.00113232,0.007640586
KQ,0.004111864,0.01990251
CC,0.036450772,0.036450772
CW,0.036450772,0.283462854
KV,0.004111864,0.29609561
CE,0.036450772,0.001258374
EG,0.001258374,0.00113232
ST,0.004423698,0.041698044
QY,0.01990251,0.100934632
RV,0.007640586,0.29609561
FW,0.604060694,0.283462854
HT,0.007795954,0.041698044
GQ,0.00113232,0.01990251
NV,0.008151685,0.29609561
DW,0.000105649,0.283462854
FQ,0.604060694,0.01990251
RR,0.007640586,0.007640586
AF,0.018640669,0.604060694
DY,0.000105649,0.100934632
MT,0.398110939,0.041698044
DM,0.000105649,0.398110939
MR,0.398110939,0.007640586
IK,0.542806762,0.004111864
HS,0.007795954,0.004423698
PQ,0.043116588,0.01990251
LY,0.578801391,0.100934632
MN,0.398110939,0.008151685
AR,0.018640669,0.007640586
GP,0.00113232,0.043116588
AS,0.018640669,0.004423698
AM,0.018640669,0.398110939
NQ,0.008151685,0.01990251
FI,0.604060694,0.542806762
IV,0.542806762,0.29609561
CK,0.036450772,0.004111864
TT,0.041698044,0.041698044
GV,0.00113232,0.29609561
DV,0.000105649,0.29609561
