AA,value1
A,0.018640669
R,0.007640586
N,0.008151685
D,0.000105649
C,0.036450772
Q,0.01990251
E,0.001258374
G,0.00113232
H,0.007795954
I,0.542806762
L,0.578801391
K,0.004111864
M,0.398110939
F,0.604060694
P,0.043116588
S,0.004423698
T,0.041698044
W,0.283462854
Y,0.100934632
V,0.29609561
