AA,value1
C,4.696926983
D,0.322181712
S,-3.685582552
Q,2.239785376
K,-2.314687386
I,-1.507843755
P,1.23050354
T,-0.638409015
F,-2.700245058
N,2.194162407
G,-1.902922209
H,1.848531244
L,1.157432207
R,0.618808251
W,-3.675578118
A,3.786650734
V,1.716901962
E,0.415882907
Y,-3.109499761
M,4.456519141
